999010,,,,,,,,false
999011,,,,,,,,false
999012,,,,,,,,false
999013,,,,,,,,false
999020,,,,,,,,false
999021,,,,,,,,false
999022,,,,,,,,false
999023,,,,,,,,false
999030,,,,,,,,false
999031,,,,,,,,false
999032,,,,,,,,false
999033,,,,,,,,false
999040,,,,,,,,false
999041,,,,,,,,false
999042,,,,,,,,false
999043,,,,,,,,false
999050,,,,,,,,false
999051,,,,,,,,false
999052,,,,,,,,false
999053,,,,,,,,false
999060,,,,,,,,false
999061,,,,,,,,false
999062,,,,,,,,false
999063,,,,,,,,false
999070,,,,,,,,false
999071,,,,,,,,false
999072,,,,,,,,false
999073,,,,,,,,false
999080,,,,,,,,false
999081,,,,,,,,false
999082,,,,,,,,false
999083,,,,,,,,false
999090,,,,,,,,false
999091,,,,,,,,false
999092,,,,,,,,false
999093,,,,,,,,false
999100,,,,,,,,false
999101,,,,,,,,false
999102,,,,,,,,false
999103,,,,,,,,false